schema,name,arguments,return_type,kind,language
auth,email,,text,f,sql
auth,jwt,,jsonb,f,sql
auth,role,,text,f,sql
auth,uid,,uuid,f,sql
extensions,armor,bytea,text,f,c
extensions,armor,"bytea, text[], text[]",text,f,c
extensions,crypt,"text, text",text,f,c
extensions,dearmor,text,bytea,f,c
extensions,decrypt,"bytea, bytea, text",bytea,f,c
extensions,decrypt_iv,"bytea, bytea, bytea, text",bytea,f,c
extensions,digest,"bytea, text",bytea,f,c
extensions,digest,"text, text",bytea,f,c
extensions,encrypt,"bytea, bytea, text",bytea,f,c
extensions,encrypt_iv,"bytea, bytea, bytea, text",bytea,f,c
extensions,gen_random_bytes,integer,bytea,f,c
extensions,gen_random_uuid,,uuid,f,c
extensions,gen_salt,text,text,f,c
extensions,gen_salt,"text, integer",text,f,c
extensions,grant_pg_cron_access,,event_trigger,f,plpgsql
extensions,grant_pg_graphql_access,,event_trigger,f,plpgsql
extensions,grant_pg_net_access,,event_trigger,f,plpgsql
extensions,hmac,"bytea, bytea, text",bytea,f,c
extensions,hmac,"text, text, text",bytea,f,c
extensions,pg_stat_statements,"showtext boolean, OUT userid oid, OUT dbid oid, OUT toplevel boolean, OUT queryid bigint, OUT query text, OUT plans bigint, OUT total_plan_time double precision, OUT min_plan_time double precision, OUT max_plan_time double precision, OUT mean_plan_time double precision, OUT stddev_plan_time double precision, OUT calls bigint, OUT total_exec_time double precision, OUT min_exec_time double precision, OUT max_exec_time double precision, OUT mean_exec_time double precision, OUT stddev_exec_time double precision, OUT rows bigint, OUT shared_blks_hit bigint, OUT shared_blks_read bigint, OUT shared_blks_dirtied bigint, OUT shared_blks_written bigint, OUT local_blks_hit bigint, OUT local_blks_read bigint, OUT local_blks_dirtied bigint, OUT local_blks_written bigint, OUT temp_blks_read bigint, OUT temp_blks_written bigint, OUT shared_blk_read_time double precision, OUT shared_blk_write_time double precision, OUT local_blk_read_time double precision, OUT local_blk_write_time double precision, OUT temp_blk_read_time double precision, OUT temp_blk_write_time double precision, OUT wal_records bigint, OUT wal_fpi bigint, OUT wal_bytes numeric, OUT jit_functions bigint, OUT jit_generation_time double precision, OUT jit_inlining_count bigint, OUT jit_inlining_time double precision, OUT jit_optimization_count bigint, OUT jit_optimization_time double precision, OUT jit_emission_count bigint, OUT jit_emission_time double precision, OUT jit_deform_count bigint, OUT jit_deform_time double precision, OUT stats_since timestamp with time zone, OUT minmax_stats_since timestamp with time zone",record,f,c
extensions,pg_stat_statements_info,"OUT dealloc bigint, OUT stats_reset timestamp with time zone",record,f,c
extensions,pg_stat_statements_reset,"userid oid DEFAULT 0, dbid oid DEFAULT 0, queryid bigint DEFAULT 0, minmax_only boolean DEFAULT false",timestamptz,f,c
extensions,pgp_armor_headers,"text, OUT key text, OUT value text",record,f,c
extensions,pgp_key_id,bytea,text,f,c
extensions,pgp_pub_decrypt,"bytea, bytea, text, text",text,f,c
extensions,pgp_pub_decrypt,"bytea, bytea, text",text,f,c
extensions,pgp_pub_decrypt,"bytea, bytea",text,f,c
extensions,pgp_pub_decrypt_bytea,"bytea, bytea, text",bytea,f,c
extensions,pgp_pub_decrypt_bytea,"bytea, bytea, text, text",bytea,f,c
extensions,pgp_pub_decrypt_bytea,"bytea, bytea",bytea,f,c
extensions,pgp_pub_encrypt,"text, bytea, text",bytea,f,c
extensions,pgp_pub_encrypt,"text, bytea",bytea,f,c
extensions,pgp_pub_encrypt_bytea,"bytea, bytea",bytea,f,c
extensions,pgp_pub_encrypt_bytea,"bytea, bytea, text",bytea,f,c
extensions,pgp_sym_decrypt,"bytea, text",text,f,c
extensions,pgp_sym_decrypt,"bytea, text, text",text,f,c
extensions,pgp_sym_decrypt_bytea,"bytea, text, text",bytea,f,c
extensions,pgp_sym_decrypt_bytea,"bytea, text",bytea,f,c
extensions,pgp_sym_encrypt,"text, text, text",bytea,f,c
extensions,pgp_sym_encrypt,"text, text",bytea,f,c
extensions,pgp_sym_encrypt_bytea,"bytea, text",bytea,f,c
extensions,pgp_sym_encrypt_bytea,"bytea, text, text",bytea,f,c
extensions,pgrst_ddl_watch,,event_trigger,f,plpgsql
extensions,pgrst_drop_watch,,event_trigger,f,plpgsql
extensions,set_graphql_placeholder,,event_trigger,f,plpgsql
extensions,uuid_generate_v1,,uuid,f,c
extensions,uuid_generate_v1mc,,uuid,f,c
extensions,uuid_generate_v3,"namespace uuid, name text",uuid,f,c
extensions,uuid_generate_v4,,uuid,f,c
extensions,uuid_generate_v5,"namespace uuid, name text",uuid,f,c
extensions,uuid_nil,,uuid,f,c
extensions,uuid_ns_dns,,uuid,f,c
extensions,uuid_ns_oid,,uuid,f,c
extensions,uuid_ns_url,,uuid,f,c
extensions,uuid_ns_x500,,uuid,f,c
graphql_public,graphql,"""operationName"" text DEFAULT NULL::text, query text DEFAULT NULL::text, variables jsonb DEFAULT NULL::jsonb, extensions jsonb DEFAULT NULL::jsonb",jsonb,f,plpgsql
pgbouncer,get_auth,p_usename text,record,f,plpgsql
public,handle_new_user,,trigger,f,plpgsql
public,rls_auto_enable,,event_trigger,f,plpgsql
public,set_app_demo_entitlements_updated_at,,trigger,f,plpgsql
public,set_updated_at,,trigger,f,plpgsql
public,verify_or_start_trial,"p_app_code text, p_device_fingerprint text, p_device_code text, p_demo_hours integer",json,f,plpgsql
realtime,apply_rls,"wal jsonb, max_record_bytes integer DEFAULT (1024 * 1024)",wal_rls,f,plpgsql
realtime,broadcast_changes,"topic_name text, event_name text, operation text, table_name text, table_schema text, new record, old record, level text DEFAULT 'ROW'::text",void,f,plpgsql
realtime,build_prepared_statement_sql,"prepared_statement_name text, entity regclass, columns realtime.wal_column[]",text,f,sql
realtime,cast,"val text, type_ regtype",jsonb,f,plpgsql
realtime,check_equality_op,"op realtime.equality_op, type_ regtype, val_1 text, val_2 text, negate boolean",bool,f,plpgsql
realtime,check_equality_op,"op realtime.equality_op, type_ regtype, val_1 text, val_2 text",bool,f,plpgsql
realtime,is_visible_through_filters,"columns realtime.wal_column[], filters realtime.user_defined_filter[]",bool,f,sql
realtime,list_changes,"publication name, slot_name name, max_changes integer, max_record_bytes integer",record,f,sql
realtime,quote_wal2json,entity regclass,text,f,sql
realtime,send,"payload jsonb, event text, topic text, private boolean DEFAULT true",void,f,plpgsql
realtime,send_binary,"payload bytea, event text, topic text, private boolean DEFAULT true",void,f,plpgsql
realtime,subscription_check_filters,,trigger,f,plpgsql
realtime,to_regrole,role_name text,regrole,f,sql
realtime,topic,,text,f,sql
realtime,wal2json_escape_identifier,name text,text,f,sql
storage,allow_any_operation,expected_operations text[],bool,f,sql
storage,allow_only_operation,expected_operation text,bool,f,sql
storage,can_insert_object,"bucketid text, name text, owner uuid, metadata jsonb",void,f,plpgsql
storage,enforce_bucket_name_length,,trigger,f,plpgsql
storage,extension,name text,text,f,plpgsql
storage,filename,name text,text,f,plpgsql
storage,foldername,name text,_text,f,plpgsql
storage,get_common_prefix,"p_key text, p_prefix text, p_delimiter text",text,f,sql
storage,get_size_by_bucket,,record,f,plpgsql
storage,list_multipart_uploads_with_delimiter,"bucket_id text, prefix_param text, delimiter_param text, max_keys integer DEFAULT 100, next_key_token text DEFAULT ''::text, next_upload_token text DEFAULT ''::text",record,f,plpgsql
storage,list_objects_with_delimiter,"_bucket_id text, prefix_param text, delimiter_param text, max_keys integer DEFAULT 100, start_after text DEFAULT ''::text, next_token text DEFAULT ''::text, sort_order text DEFAULT 'asc'::text",record,f,plpgsql
storage,operation,,text,f,plpgsql
storage,protect_delete,,trigger,f,plpgsql
storage,search,"prefix text, bucketname text, limits integer DEFAULT 100, levels integer DEFAULT 1, offsets integer DEFAULT 0, search text DEFAULT ''::text, sortcolumn text DEFAULT 'name'::text, sortorder text DEFAULT 'asc'::text",record,f,plpgsql
storage,search_by_timestamp,"p_prefix text, p_bucket_id text, p_limit integer, p_level integer, p_start_after text, p_sort_order text, p_sort_column text, p_sort_column_after text",record,f,plpgsql
storage,search_v2,"prefix text, bucket_name text, limits integer DEFAULT 100, levels integer DEFAULT 1, start_after text DEFAULT ''::text, sort_order text DEFAULT 'asc'::text, sort_column text DEFAULT 'name'::text, sort_column_after text DEFAULT ''::text",record,f,plpgsql
storage,update_updated_at_column,,trigger,f,plpgsql
vault,_crypto_aead_det_decrypt,"message bytea, additional bytea, key_id bigint, context bytea DEFAULT '\x7067736f6469756d'::bytea, nonce bytea DEFAULT NULL::bytea",bytea,f,c
vault,_crypto_aead_det_encrypt,"message bytea, additional bytea, key_id bigint, context bytea DEFAULT '\x7067736f6469756d'::bytea, nonce bytea DEFAULT NULL::bytea",bytea,f,c
vault,_crypto_aead_det_noncegen,,bytea,f,c
vault,create_secret,"new_secret text, new_name text DEFAULT NULL::text, new_description text DEFAULT ''::text, new_key_id uuid DEFAULT NULL::uuid",uuid,f,plpgsql
vault,update_secret,"secret_id uuid, new_secret text DEFAULT NULL::text, new_name text DEFAULT NULL::text, new_description text DEFAULT NULL::text, new_key_id uuid DEFAULT NULL::uuid",void,f,plpgsql
